imdb_id,poster_path
tt0251031,/c7spwd8mcCN7a34ldZsLnngacX9.jpg
tt0179626,/1qGyTDp4K4J2RjGtT5hR81ilX9r.jpg
tt0192071,/saVWvLE0haJTrH1c1YS68VTDKyC.jpg
tt0212380,/ni4KxIlE3uSoLv6lhKHg8vFR1j5.jpg
tt0138493,/lTmQZt6tSdXKHZcqKfzBeN6J7hn.jpg
tt0236447,na
tt0161977,/zq2LW75yuRRbCpPqeDcupZhzG0R.jpg
tt0220157,/tI2yl0z0nZpeMEl0bGn5z98eilk.jpg
tt0099073,/mcexRwLvIV3ralF7jZTlAaSwes4.jpg
tt0116447,/oe7nbYwJj4gwk5oL0BiQMw7Eb0a.jpg
tt0107474,/hn5tppyQADICUn2tX5QKW6TA3Uf.jpg
tt0081163,/5rirt2BbnEDzgWfUzsAew0qHm1N.jpg
tt0031742,/7FMBOxwtBVvKuUZ0tlA9gNswaH1.jpg
tt0082912,/zaBtclnYKv2JkgRDQ7OiFtWHm4e.jpg
tt0091836,/Sndc0o5d3if0VdnnWAQ7RQGVoV.jpg
tt0096223,/aVNP2JdzqKaqvOzBcYvI4s68rKY.jpg
tt0090213,/9FueZsXEXNqFlmB2o2WuGQPdkv5.jpg
tt0100842,/36Gqgyh1nOguvnIH8RBfhj7EpjH.jpg
tt0039190,/mxVxvBgykz9SqsgqARcnv53oLo0.jpg
tt0065687,/tqEFbGUgDLlbCuRdyWCRfzGL6xW.jpg
tt0060424,/3KlqO24rUimGEqHwj5e4HUSvh7q.jpg
tt0057251,/gYoVx2m8NP2hTWnEpwNeROIWrQ4.jpg
tt0044685,/auHA8xsD452GDCY2KdHGgYPmDPf.jpg
tt0059245,/sGtPyaPeMULx3g59jXz2u7cwbN.jpg
tt0053793,/rRGd1jxaWbx3Ki7MYTKUhH7IDLY.jpg
tt0060086,/tPUqgfGMkZazRZ1UO41j2Fiib5C.jpg
tt0046899,/qZHr0738TLaQWC9CXCQGpw85XUR.jpg
tt0113026,/hfO64mXz3DgUxkBVU7no2UWRP7x.jpg
tt0037800,/i0Tq9xHqjlm3TjMYAJEq3hFnpQb.jpg
tt0066740,/jfw3lj3lt8AeA7oS7rPnUsSS3za.jpg
tt0059465,/zv7z3cfHGg9TwDfInxsSRAzWc6z.jpg
tt0079781,/ob5XDp8Yb22iwrgbe5TF7lctgp8.jpg
tt0080421,/2zFS608xVM8tSm6ykfnGV4ZQfag.jpg
tt0099385,/95mcKAcTgvonhx3BS5psLguyEVu.jpg
tt0101764,/tmzwvSqoMC37Tgqwj4mA2dHNSmw.jpg
tt0077504,/aFbxahzgLzJz7i70zcCzzmydwwL.jpg
tt0068617,/1yP6o72xWFWtXkHmMDEIZHPhpuK.jpg
tt0102005,/4WRdrjHyLuHRwep2UJWBoIn6KTW.jpg
tt0085868,/yOrYbvnJKxtRhr3zmieGHs0crXh.jpg
tt0100140,/vocrzZuoAc0xRp35z2IF8vhDqKZ.jpg
tt0097880,/as8mTh2WhQqlbw2knxdyLkkPbhp.jpg
tt0127952,/fCiUKSOErbwaAa1dVNfe0rlJlxh.jpg
tt0201776,/fpe15WtOff8oRBoX4C7l80cTVVa.jpg
tt0091474,/n1FQNiMi00Rq85771JQHUINafCC.jpg
tt0100486,/5Ws7t7uKaPDOKBJYVW1kuyvAna7.jpg
tt0077413,/lVn9uLb35oOz14vMltrZZfJTU26.jpg
tt0097179,/lggoI5H7Dgmdz0Arfi07eOGxXVu.jpg
tt0088000,/6mvuwu38z16MJsrcE0hhzwPrJUN.jpg
tt0093857,/2HsZkZFwjqDEHrErM79ORn1eaIl.jpg
tt0100049,/lHIGo1VI71DQgDbbm6XWBjaPxCz.jpg
tt0118540,/7kbV3fDjuy9dQmcuZuT9NKNAEix.jpg
tt0091860,/bT68aKa9d7zDF7Z8MaskbWBRqzb.jpg
tt0089208,/3auKGD6tJHj4tRrEoOxwznqX6BD.jpg
tt0071771,/fejSpoFU4sq2g6n1JA2NY3KjRxW.jpg
tt0102517,/lZsD4izDMKbV1KTRUQ5UVWZrnLJ.jpg
tt0087015,/8BVw5RIDBTZwdMAR1VKpAkwrMjj.jpg
tt0215750,/9cSoNnB31hGY2mL78VT8mAbz6nR.jpg
tt0242445,/tGIJhBejmredgUZRNdteZyiahag.jpg
tt0205873,/zG83o1wpU3p7QTd382K4HtctLq0.jpg
tt0209144,/yuNs09hvpHVU1cBTCAk9zxsL2oW.jpg
tt0250274,/342I0mOBCNTzx4ls4GvIagfzu2m.jpg
tt0125022,/bwvec0gRMSpLakcPuxe0RWScNv3.jpg
tt0239949,/xM4MtxtkBTqCFztjEnUcE6ZRZQ.jpg
tt0120352,/d1oNqJFtc4eexLmJktXc53vNsdy.jpg
tt0244970,/j6lr8jE8hDgx75GeRRL1greDmkz.jpg
tt0227538,/urb5Wf4yffJQ2KwAuSPxCbOM8HA.jpg
tt0246989,/LpIAhTgwyh22Y4BhYbEsZv0u9W.jpg
tt0236784,/na80ysnoCvoxwGTMWCWYvnmaDlz.jpg
tt0245712,/n3QrQvLM7lZ9AGExvG89OREkCXW.jpg
tt0206187,/oHR0KPt0RE74iy3WyGPEmfLPbJM.jpg
tt0247380,/6IdCTKi4Eu7i897jpe59wIDGCri.jpg
tt0164334,/1YtsND7vSNymylnOSzgg3DdVFMB.jpg
tt0221027,/ii4sylRdQnLFPMCLhaER7vb0J6N.jpg
tt0189192,/7KqzbefXjADSUE8j2ZsrudvAArY.jpg
tt0235679,/g2C95ubS56O1ITXy1MgC69kAwF0.jpg
tt0221889,/zOKaYzY14ZpVy6nG4kAelyLZQ4Q.jpg
tt0268200,/acXmEYtJe05Y5Wt0qsBIg9iNsTv.jpg
tt0260332,/iB9Ky0Vr4edWA9eXdqGxfdGt2l1.jpg
tt0238588,na
tt0243155,/ciVSLTxIgobSqvx8UO3I3rYh6xS.jpg
tt0245686,/nQoZBpLqGydDjVRXILTx06DoLCF.jpg
tt0236348,/vvKAoWj1kxj8tofpktatJ2D9w91.jpg
tt2043893,/bc7u6bM4EfXRi8zPeJ2dJ45fhyh.jpg
tt0201485,/qH0bedauxJ1g6OVpOwpccB8lq1o.jpg
tt0221073,/szuw8hufPHfIJnQCATGFQpI2SW6.jpg
tt0255094,/pAwGZCaNWNHx8SKuEHt3ANZwkwt.jpg
tt0210149,/1OksNeNaSNUrPGuwNuunvnH0v4f.jpg
tt0231402,/hwt6iJjPuXRDKJON5s9G9pdfPbu.jpg
tt0240515,/fhAf3yTnsUckSFB86Ss3MQkeBji.jpg
tt0240402,/lmcabkCsSQ08yll4dIVclWc2RSX.jpg
tt0251191,/q4ZrewdgGntmdjPIMrS8M7GibXz.jpg
tt0211492,/nIHrDGGUqJsv7fQulSqvT4bg81d.jpg
tt0199129,/qp7rmcKen1Z4JNryzaGmDYh35XW.jpg
tt0116882,/uKmFhaPD0EzqJr0tjvXclr11FkA.jpg
tt0086250,/9FPr6u95lpDEdIemLlETj5hwHG1.jpg
tt0055895,/cRVl1BR3x3P2NqUv61eveJNJ0ip.jpg
tt0132245,/2aN2BBAbRyfEpfxZAQY82T8zWRq.jpg
tt0245120,/vavJHL9YdcC58nRkie5EAVC9wET.jpg
tt0203755,/uGx1MdP4m4nurfB0HAwahaHMIU3.jpg
tt0141907,/mgrWybODOer6D8kYg3UgX3GstyI.jpg
tt0234570,/xeav7AvVZYXIOWhBd0Ps2wNMWbI.jpg
tt0209163,/kdJsW7hcy1lrj7tdMPycTAQPAiR.jpg
tt0243889,/vlQzBvS6Ov1eDB67jNIx2Cr1gKa.jpg
tt0162023,/2IFaAI13Dq7tF1AfyCtd70RmHGo.jpg
tt0240913,/phJFN5d5qtphQoz3QzP7Z7GLAMM.jpg
tt0056937,/bj7rUGUewofA9cpHt1h36gvDFfy.jpg
tt0085811,/b1anwwbh00R3iOgM88L5jf7qHBt.jpg
tt0089504,/j7QiwUekGiYOmjKratNORIr35zg.jpg
tt0016039,/411VnWtYJdEFKiaGqJOeTmBv8th.jpg
tt0025913,/hyXCugoQzJ85mdrdz4dboqP8FoX.jpg
tt0098524,/ouL2ibaIdTMobM1CUlZxKauJBaM.jpg
tt0084917,/OppguotVAHv2UEqMvVOVwSoH4Y.jpg
tt0062776,/ym2TGzBpEh8I5EzP6ur9DIRuegG.jpg
tt0064940,/dOHaWx5M18TXLJ5Z8ju9AfbspMb.jpg
tt0069191,/rqK75R3tTz2iWU0AQ6tLz3KMOU1.jpg
tt0060429,/puCo09wxGxHGuQ8LbHRqiSPL9S6.jpg
tt0101912,/zSOh7hriX4mQNVxhCz1yVY4aykn.jpg
tt0107130,/hEoSu6A5fyjQACDe2daPBLvUMFG.jpg
tt0058453,/aojHngnnK0kTYjvCwtlfAj8xf4B.jpg
tt0152015,/AjX7MhOAshQhOM5Ttsy10GycppM.jpg
tt0080539,/drSYc3cv1OFKItOaSLdBdrXyA0s.jpg
tt0101902,/7cMupruGQjcm43mC30fTazT7pOe.jpg
tt0080319,/3nm6kWMFzxGtJb4UEuDB0lDWpcD.jpg
tt0079638,/iBX0F0SbPoj4fA1Sk9FXRTaYDjz.jpg
tt0090098,/kNkDCXB2JXGnaG3KwvzAAjmZiV8.jpg
tt0045464,/4PlQ3HtAiqJ6FYskoOEofnbXGOM.jpg
tt0096875,/jHec0NYYhzlUE3CUyYnI70YNih.jpg
tt0066011,/yCjADq9fwbdPnxMo0DKNeRGZ4YC.jpg
tt0093713,/oSsu4khg459yTR1sw4qjEC4LO5J.jpg
tt0048021,/6MbRycXyrLaFmToyOBPSKHmqkYy.jpg
tt0183790,/bBzCG34Iel2xgaioYakXd8auPgt.jpg
tt0212826,/wUsu79UgJXn6EMLWWiPpHcvbGUR.jpg
tt0260775,/34P4f0I1hI9MHfiDa32iOquslrR.jpg
tt0208911,/ktnT4AsCy2tG3lld3DDdiLPzT3w.jpg
tt0204640,/b6Kj1ioQNUnGzothJMBwqbflA8P.jpg
tt0256408,/ognPQebXUCRfKwAyRodR0j0xLjd.jpg
tt0225071,/6ZeMoynnz4pRweKKZ9c2G1absMJ.jpg
tt0126029,/iB64vpL3dIObOtMZgX3RqdVdQDc.jpg
tt0206742,/bJuz51a3Whsh8mTRxXnaSzuXrRQ.jpg
tt0203009,/qH2Z5MXMwURxCcC5EBfSKjluzih.jpg
tt0184819,/2EHgpWuPdlen2VyEhcwkRIdMq3o.jpg
tt0213149,/ftkKVbk4sQEcekuaGJvpvXcNs32.jpg
tt0157411,/nCgqS3j44rZLCBOlYyhOxLhJtKk.jpg
tt0210727,/z0p2GQJzzfUhskiFkk9hZUuSvjO.jpg
tt0206917,/4troIWaOeSuaqkSoP2ynvTrI3IH.jpg
tt0234407,/nBTUTB3wT67ZsssPS2VkLX2672A.jpg
tt0077716,/5iS3EJD286IYkJ83L5pEVoNF3xn.jpg
tt0102343,/n0DYahGGueR96mhajPGGgZpFL4k.jpg
tt0100395,/uF7bO5UcenRgag0jpbVvKsGyfBK.jpg
tt0046719,/I7KJ4k9QR3LYF9csTxEYJbMXAe.jpg
tt0074254,/ezsvjaTZqaglGdF4pr2vv3TuUua.jpg
tt0101587,/9DVZpm9pQNB3M17cRo752zqUYhL.jpg
tt0095082,/hOdMoFnP6cPh1JKoIgyacWJmU1f.jpg
tt0052902,/luuVjq4uZmQkup3jaWCfCCwJpSX.jpg
tt0048248,/oTGOSHS02FzrncZYP8NBWbUIKAU.jpg
tt0054130,/n3rEufj7BmOwy1FSqtRfBkeXnio.jpg
tt0095647,/lKkuDmMNp88y5KsA2lB00g0MoWz.jpg
tt0054047,/6rVIjriV3Sv1B9INrzGRXW8Q7aY.jpg
tt0060897,/5ENPDokAdB9nLo4fXfEHBeQfcVT.jpg
tt0053221,/5hFxzqpucuT3AjnvcO1pHkR122S.jpg
tt0025746,/nxVgKqYwl4ci8niEe0JOvmv8hFZ.jpg
tt0078227,/u644eGncQd8DnYNNBnYUbOdygfv.jpg
tt0094082,/hL79lrrMgRZO21otWbTTiljufeU.jpg
tt0094142,/Ap0Wo7hNS6WW1wdPOKYM3SNpewY.jpg
tt0244316,/hTPkCpK9SLGDMXRbUwzoep0MxOx.jpg
tt0081159,/dFioscdHzxQ7KcxifmbTGTnHiWM.jpg
tt0110631,/oLBn0MUMMeC71udetLOa1lP7eFL.jpg
tt0060934,/hbX0bBHTFThyChUel3INrvEZiFF.jpg
tt0041996,/g9VeQUobhofLwxSIbKM4ia5biAX.jpg
tt0059885,/kNIpEa4fe0RvgTqjkRrHFuSW8lz.jpg
tt0255798,/oNxEXmKTZtECHs0bQbI6dQoXYMV.jpg
tt0161083,/roVPa80bjfbToshzapT8pTfHH91.jpg
tt0212815,/gAYsU9R3mVWg57JubmwbvRe3k5P.jpg
tt0251075,/dwIrP544LxJtXToLpzkEa08pIMm.jpg
tt0244244,/pDoI9pO6EPunPTDPXiubRDgZPnR.jpg
tt0254099,/3c4t8tTQp7TV1Z3qeltmhjRi5Ex.jpg
tt0212827,/v3DDHvWV0MvUaYVYrpHCQ5PuAmy.jpg
tt0234288,/okSDIU311q23IuJ6cOmIRvhkdwn.jpg
tt0194530,/iXYzdpQEdPnj1rzucvZyUOqFwzL.jpg
tt0065528,/t4PJdZneQn1dWEp9dYpg1Kx98Rq.jpg
tt0116344,/gSLluaJR2fxmsGOtmfSKQJ9RCly.jpg
tt0102685,/tlbERIghrQ4oofqlbF7H0K0EYnx.jpg
tt0098300,/gIxA8FkPBk0wJLkF4znqBdWD8HX.jpg
tt0086508,/gdppSF9wv07bvt9UYv3yGydTpZt.jpg
tt0105699,/sKUk1ca6gHaIopi8VqE8GoxJq6J.jpg
tt0092272,/y0M1j79sOShd6456pMEYpkDimhz.jpg
tt0045810,/fDozhst5HVJJcd3BM8ZOsKniO7Q.jpg
tt0045891,/dFwefYyEOOZaWVn15xGY6CbYYJ2.jpg
tt0051885,/9APm7cJaJaaFXNNuUKSNjLaIQcr.jpg
tt0048605,/4oLqx0QbjWFzWtkxRmDLGH47CUJ.jpg
tt0047574,/3zkiJMfkmhVXC439Z43ZScqUYQP.jpg
tt0084805,/ngyCzZwb9y5sMUCig5JQT4Y33Q.jpg
tt0090770,/9emn66ZeO8EM3c1CkNlBHq18M7l.jpg
tt0066471,/w252affrvMbYAOJSKe5VdRnRfLz.jpg
tt0120374,/pwhKtUgCLPclZHj0yJ148hi6Tb7.jpg
tt0244709,/gnBjjOXY8vSDtNu7resdcy1cuVc.jpg
tt0230011,/8fUEFPUTF7kBMuKPiSQHxPvd8EZ.jpg
tt0146316,/sJpl1EfHGZhbKtZ3fWTlwrpM1tH.jpg
tt0240462,/qEzgdEPLDJBPUj47sobRKzmuETc.jpg
tt0232500,/gqY0ITBgT7A82poL9jv851qdnIb.jpg
tt0212720,/wnUAcUrMRGPPZUDroLeZhSjLkuu.jpg
tt0255819,/d9b5sDAY2q2u2fWFYZPmt0Cl2p7.jpg
tt0250224,/x6ZIwp7pXpIoJKc7S9MXpM3TOVv.jpg
tt0258038,/xTfmWAdrBWQtxUSW6y8tVNLQ3Xh.jpg
tt0212517,/4Y9A9IusJC6WOtWtXn7IfHyDUrt.jpg
tt0228242,/62DDLzTOsqRYX5vWi9v2KflNykS.jpg
tt0284067,/qWMrTGSL069vYQJXuXNnJm5Rt0q.jpg
tt0215139,/pnFpOCwn2C1eY5uSS7oQ5lUkF4f.jpg
tt0203119,/l8lQFhRzZo5pG8ZA7PokbXqOmG6.jpg
tt0179473,/rTrB9o8L2jw9SSbm82hYNAD0dke.jpg
tt0203632,/7YB9ECkfXSwSBclMJ3BZSXEgVz5.jpg
tt0243493,/vogu5KbrgWxu9BPhQcqaccvsNAh.jpg
tt0226648,/j5tx4S1pKJMMV7ybVFnrXxTE3OB.jpg
tt0228786,/q6T2HUrQ32hr2eTPx9yV3XyrH7t.jpg
tt0246765,/evopdRBKjj85zttxMcrZ5xujaS8.jpg
tt0210217,/dO7wct6RAdDKEaQrA9IYD4BsKJL.jpg
tt0239395,/77dmCJelVTBPBwbTppiisQx0e82.jpg
tt0271027,/A1GrGdX4AgCRDweg9X3x8JsZrEc.jpg
tt0257106,/7Eb1JWK0Cb0rbfsYjwfc9g0PbQH.jpg
tt0245238,/3Cu95A09arsfTsOJfygVwhJe5qc.jpg
tt0249380,/r07olKMs2bMksjDIhq6LLbKkE8Y.jpg
tt0224578,/7bSt7bSWtfXCrPFnZrUFLr3oq53.jpg
tt0099012,/q2m2Nwh5ROkS4zMpWdOUvNFpjc3.jpg
tt0094663,/9KJIWY4rAWJPa1OLYS1lpNtTdUd.jpg
tt0058953,/A0ZylTYYSYo3Eq5GQOiuwba7RiP.jpg
tt0052216,/f5OxD8Nl0pR3DcYHtYhHRfpsmjl.jpg
tt0082136,/yDO1xRq4LOAv720xqJHHEVz5Sr9.jpg
tt0087032,/sdXjbUcdESA5CKCyez6A29c2vq3.jpg
tt0098369,/cmAgnjrH7TlKjYUpS9NMGMlbkre.jpg
tt0058249,/epCJe5dzAn21mQ9L1fQ2FjIF13T.jpg
tt0045699,/dTSlG6HvtEeyE2VZ3p2D6S6ag6i.jpg
tt0057007,/xxZ6VUmnsxNiMa812IP3ohUf3BS.jpg
tt0059124,/v1NPmkAgQ85fTJAD7cmZ2EcFCvh.jpg
tt0053925,/tJZ9FKStDtpTdpKjVNrjReZlEX.jpg
tt0016847,/b9iyXHhubmp0WlwhipVdVehkOzI.jpg
tt0015064,/7Y6Dxr3oYt1w7ew70YNdLLDYEjk.jpg
tt0056217,/67GlEz1BQQumnscqk56Ex1W7ywH.jpg
tt0091886,/c5JgUmzN7syTFy9suwoHF3vhNsN.jpg
tt0093940,/gTsFkvUt9wrGOZh6JNDSFd2LIBT.jpg
tt0105378,/cmVZqEURxGNUd456Fd98kvIcwD2.jpg
tt0091983,/344lhBozqFWKxBb4fp6azYQMLEy.jpg
tt0059740,/sO1JHrRDj6SBNXeIEstRAdU4V1N.jpg
tt0069372,/xYj9DpCeqM6bbvMvxlGqujU9boQ.jpg
tt0059878,/gumqSrimqHo8rqHkHtK0IEpzHay.jpg
tt0057693,/oh1d2Ritr8d3OCnlUOAZE1hA5EU.jpg
tt0082163,/r9rsnbe3R9WtjzIhwajHVft9Fp3.jpg
tt0054790,/yhJuZxX3UrrRo2Fq4jUJ51RJIWO.jpg
tt0082966,/9cX9N5ny8XtpVDfJu3Xlaap9cAA.jpg
tt0084788,/swQ4xZTsOLcsdzEo7tTdjBcfDN1.jpg
tt0047811,/wlSmIk6iQ8yQhBG795UOOBUs4gF.jpg
tt0046754,/7XZZ62hkLpjsQ1XgJDfRaGeNpL7.jpg
tt0118734,/mwPCvGI1BmhDGtA6zCoSMeWLFKJ.jpg
tt0069467,/a1bMgB09YDvvRN9SitCclUYragr.jpg
tt0053796,/mE8xsdCNlF5GoSrWlmQzu4zwotM.jpg
tt0065777,/riTdzsc3N2kfkNDqgGQgbX6SqjR.jpg
tt0093227,/jzYXHaEe8fnOXC3kn2SZnv2Dv2h.jpg
tt0048261,/z7me91nrpWLHY1mZOB2v20cK0zY.jpg
tt0063227,/jGBUg9xHKn7YSQfxsClAJWpymYV.jpg
tt0055184,/pjWlNZeoT5ZcVutOAHkFK7Z22Sb.jpg
tt0049513,/3QWdrnCFftqS22DqeDT18cZXhAB.jpg
tt0102690,/A6QVGbj2iTKdp5fzHmzUuemxL4i.jpg
tt0028167,/tPWpKQeMxuLQpNf0V1ImnMlWWTP.jpg
tt0051036,/4SzW8u7avVczndyR3UbU87ZpE0V.jpg
tt0049966,/gOZXJX0uHykkZa01q3lqdaet0TY.jpg
tt0059095,/qwXXxwnN1yj5XiZBUrdazBRMqw1.jpg
tt0089716,/oSOwBgEfMzJa3KqkqNUjBuV2DnT.jpg
tt0074991,/bGjEQLp7aF3dT3nXv4gEXnG02TI.jpg
tt0076786,/5ya8jTbNZTrCFUx9OwpNBjCivXY.jpg
tt0068767,/mqhooEqZvo7eJoLsTstXbxbsG63.jpg
tt0082176,/pxjCfoKO48JJN7L3QieYGOwWDig.jpg
tt0067824,/5rrvonvaiCcxN6ZnrKEoJYl6Yrx.jpg
tt0077594,/vkkJydEiUgVSy3LpGvSFZl9lEWE.jpg
tt0089461,/xT9e7nNp53s3fUJs6yzWr0n0wy.jpg
tt0082869,/mqHUsbbMoNYp2ibgxIT1qOfKciO.jpg
tt0068935,/m7AIITQ624sfldI4SsX4htXPH1f.jpg
tt0163862,/o4dmpoHm48TpcXD4Zu96LW0QV1V.jpg
tt0173840,/cJlEv3xULhBt6WvjYEntBg3ReEw.jpg
tt0250494,/4ABNnmkVpzplrEVQWt1piITT0Ey.jpg
tt0227445,/fsb4m9XW59mei8GKznvI3lLzcfp.jpg
tt0262210,/grO1ifXULhZvpMhfyGG6k4991Ul.jpg
tt0242193,/vMJ2WHBbK4Jr3eDuF1e7O6lbC8m.jpg
tt0273300,/kYEQLfbrV7HITy5RuEHLhEI44Ty.jpg
tt0227005,/m9duMSgcaT7oqNk66niBpOcfaX2.jpg
tt0245280,/z20ChkIl7zq7yOAIIJkDuUBV3x0.jpg
tt0188913,/cj7UBhfTl1XS5wQQSOU9KwsQLQa.jpg
tt0120327,/vMOpy9KGDuy9s9FfX7FtnZg8DQ5.jpg
tt0278475,/4aacoOexGlp0Avxt9d6jfgNZstS.jpg
tt0238015,na
tt0109049,/qizJcHB0Yskf3TLpIXEC8LX5DPt.jpg
tt0130445,/rdqyzpPkyx5qGD1QzYvgO64IoeD.jpg
tt0159423,/uyiRArQWCrfm5O1NxIhl9Wwc8RC.jpg
tt0182299,/gH0DvjllseePaOJetbSh37lAd8S.jpg
tt0094593,/sbQ6B314PkVAHoye9jAdgs2sYWE.jpg
tt0094594,/lM8B5gsF28UNKMJY3ZVSkpy5Ie.jpg
tt0094606,/dyk2BqPajLRBpVQ6jsSJJdgfuXe.jpg
tt0094608,/5DlWHYb5Q65GaHYHDo6PqGOuoF1.jpg
tt0094602,/20bD11jTM2fbVGkDnkCpfriUW4y.jpg
tt0096764,/gneloppsOLlYtGLIviFRHHZVorT.jpg
tt0094667,/cVXGyReSl955Wr2c8ythuxRmJRK.jpg
tt0094669,/eJ2upLLbQczKPfXmkuem4CJZAIy.jpg
tt0094675,/ojDg0PGvs6R9xYFodRct2kdI6wC.jpg
tt0094678,/dbSSDB7O4aTyRGCFirY8k3igOsU.jpg
tt0094701,/bBAIkVp6fPqnO7PqPdlQzhK0YHZ.jpg
tt0094712,/yIeFT2RqJdXMRIhGLs05xtzBkt9.jpg
tt0094715,/vol5TCGHDbi8r0yo0TrIGFiGxJ7.jpg
tt0094716,/4w9NT9bbc9gwDixZciFDFc5EPo3.jpg
tt0094739,/dxbXbR1P44caMUKtBdq7sX6aSgw.jpg
tt0094744,/t9AiFl6kt5vMhXzMHTZ6651TECl.jpg
tt0094746,/vAhQegSNb0OYwBN2KbSr8GRSUsI.jpg
tt0094747,/5pLobye0uusvoVd7XwzRuc5fFLF.jpg
tt0094761,/otYUfKbmgv20ZPMaynp2AHRjlYd.jpg
tt0094783,/zZnPXPXBEcW4sKOqjNuDs1PemUt.jpg
tt0094799,/1te0t9p6aHRMl5nYyxqI48OX7jp.jpg
tt0094824,/iHvCXCjiLN6bLf39CnKdDzGbku2.jpg
tt2018086,/jHU5CiEk4QoCrvxJV8uOLxi3y5y.jpg
tt0094846,/tifvnrOuVN7iq6V58G1yeN9rmlk.jpg
tt0094884,/hztm5P3iCavyz8MCcIDK3BTVtDO.jpg
tt0094889,/k9bYgwRANK3JHJQQQxOj1PYxGXF.jpg
tt0094894,/5KueYME8A449pxaKTJZp3cWKKSX.jpg
tt0094898,/8YZiA1o264dk0cr1USyMdph6SZl.jpg
tt0094910,/jk0qx7XyFYKK1flXbxO1N3z6zAd.jpg
tt0097125,/r5cPgWYrJtXBzJZuPmzhlYrEmrV.jpg
tt0090887,/7tFJqfcmu7sAxwcRwQ0j9qnGrok.jpg
tt0094919,/5rR3dVJXnXskkBBWKbLg5EDKWtT.jpg
tt0101627,/frjklbq23pRgBjhekEq6drQkrZm.jpg
tt0094921,/3oygNtMI9VXfCtcWqBuCrQEnhjY.jpg
tt0094933,/zYUkUVHIvyMVSD3XbO2ywXHb8xS.jpg
tt0094961,/m9LDoBpKEgucDzyS6w7u6fYut5G.jpg
tt0094963,/7DLbjh9uTyR7X5qplH1OcfCpNFh.jpg
tt0095031,/3176xH21fSetstKpEtAD1giHbyT.jpg
tt0092929,/7VSvsr87TazqEvxqTDTWMDCbjwt.jpg
tt0095088,/axcVpVNbSjrnd9iKnMNct92l2IC.jpg
tt0095107,/4XYMlJg9sqM1e80pNb9lCK3oJ4v.jpg
tt0095119,/kU8DdARin8VwV0j3G27mFEEitCy.jpg
tt0095145,/a8g0q2R4cwLc5a9SSBuqq6GhSlq.jpg
tt0095169,/srWwZIp0ZPhs8B6OMHmMnY6cSig.jpg
tt0095174,/nl7pKvq6ES7W28jy6O9TXxg9tc6.jpg
tt0095178,/q0veLTVqgjvgKQKIanAvnv0Qgmq.jpg
tt0095243,/yiD0x9H8cFsoebgyLtR4BLKXo0O.jpg
tt0095253,/etjgNJvuNW2205EdZRMHFPKQpxS.jpg
tt0095288,/rWJS89Cp1D3eNteEs4xqa9OZIcf.jpg
tt0095304,/nzWIiFZAeFKLU8bqdKOMm5Wwstc.jpg
tt0095326,/xHdptxN1queqSFomPvbUnGljeeW.jpg
tt0095333,/j1TrcVoTj7AvPYXTFF5yXHSBdXG.jpg
tt0095334,/pwN8W7KDoJWmQM3u5krj8PYcclF.jpg
tt0095360,/r2wfq5fU65GRenTYrTGV3alPoNj.jpg
tt0095409,/xYHplg2N28n4z4WW0VeoZMRI58X.jpg
tt0095484,/AevfLQ5c0ZGtO3clHawg9L2XAQ2.jpg
tt0095488,/bhL5Z8srwSXJuosfBqei9Dxv41C.jpg
tt0095489,/wSC2wxFj3ZgrIHlIaePeuHN4igo.jpg
tt0095519,/9itSa33ZrO7rJz73lVv39VeGs9e.jpg
tt0095532,/xdzugDI6avIlba05pstUFqh2mI2.jpg
tt0095599,/vf2fZMZ0s44STAjF6kE7wVcKiw1.jpg
tt0095638,/cifDG79VEdEc9zTMF5YZ6gOtKbE.jpg
tt0095654,/1HtHX9Y9PdjmgpHQliQPeOyZknr.jpg
tt0095662,/ld7XINaFmrnyDe5Ugl9tQX9UWxa.jpg
tt0095687,/zJWO3jtbf6Q5QQjRD7oFSPE5SAP.jpg
tt0095736,/mLDntemwIFwndkYwBspExGuq9M8.jpg
tt0095774,/vzh44x1Y9aLeluTjkJvS1iFFfW6.jpg
tt0095801,/zeEa3jVkLE8C0KjOiiKqMbhHgaL.jpg
tt0095853,/AsoyWPJwtuRJuHyMhXpcsK0XrbX.jpg
tt0095963,/AoJTHXmO01EZgT0p1YTsGBEQxLj.jpg
tt0095990,/d0b17gVu7z7LFhXNuR9RsgMKo9N.jpg
tt0089907,/qVTFBabgnWz4jZ8wOQRYZI5EITF.jpg
tt0095993,/xI4m082loChSpB95hAxB6gxzSXK.jpg
tt0084296,/1alAfoJf7Pjn0QuwzO9wY7SLQCt.jpg
tt0096003,/4yA9LoOXHl5gTxfizEpl4407phT.jpg
tt0096018,/47qkFT7CruXUmCVCUg1iKxIoX2h.jpg
tt0096029,/lOmY5qiOOB3gqnGiqkI7VSEXwrl.jpg
tt0096030,/e57jcyyQYKDruSuoy7g7alsjbrd.jpg
tt0096037,/yvLIYS4lDfsQL4khLly73cDczaM.jpg
tt0096071,/f0n0CDxtrBcIow6yzoORVVhRxYT.jpg
tt0096087,/bj0bTImQPWkBBD3Kh2ArqAqEnv5.jpg
tt0096098,/tvp2vmD7qRgrh7rjiL7qI8XYxne.jpg
tt0096101,/osgpY1A1Hj6krLuwZOB1pmFb7az.jpg
tt0091949,/wqOmvkvYmLgrhIhWgIWdiQc5tEC.jpg
tt0096163,/eE5bbuRJluooG2MjEAsLEYyuJoa.jpg
tt0096180,/qYrfUdkZmGoB1QtGbYnDR2ZL8XR.jpg
tt0096193,/9PnwR9p07vvzbkTZSpKSsd98l3T.jpg
tt0096200,/2bsAx0bKUCj9d6WiiYItE1FGiPQ.jpg
tt0096203,/sTK6Ke7mrNPBTqA0PgkdBf4p5MQ.jpg
tt0096241,/d1KjPppx1CA5ImPCE92L8gAMBvo.jpg
tt0096251,/lARc59hUAKW3ziWddftUnZ99R8c.jpg
tt0096256,/ngnybFTuopfbfmmEeX9jjBQQmF6.jpg
tt0096280,/44Vc1uNHzokMxuAJNGswilv21JQ.jpg
tt0096289,/uoMiWYfycupTa7PxJ1XUwqnN6gO.jpg
tt0096294,/2HIuh1I0HKY6kLnSMcwHNvwsrPv.jpg
tt0096316,/xroqw4iVtg83jyhobgAJiSKxWUZ.jpg
tt0096320,/stJx9BQZbXrZnTGf9Erc7d2UMVc.jpg
tt0096380,/6XOY24NV30EI62sqsCOlmZdmKfh.jpg
tt0096425,/xxmsEwAAoV4bYFQJNLnUIhZGaNU.jpg
tt0096426,/ohFgl7yIrnaqptUdsXDXLKPdHGt.jpg
tt0096454,/3jpFbqOaAfQRixebcWWfZqtqfMg.jpg
tt0096486,/6D4yLH2gMBt8S64f8Arrt39cFFb.jpg
tt0096794,/zNMsK3NNxVzOPGHmOfBG4TCbwHW.jpg
tt0088708,/h6ygm9PATqRzxbp4G9M0MpB0Lpk.jpg
tt0092548,/rDY0Zckg9xgAkp0WEay46CwDmCO.jpg
tt0096804,/oiKM4CAEXrhAfDkpnhBW8RpOQC7.jpg
tt0106393,/9aBwSEnsDoBZokUhSi8KvqkFJ2X.jpg
tt0096926,/oZJqupMXxH67BXz2sneDoHKyFMO.jpg
tt0096928,/tV25lGWGWGEqUe3U0xjQTBgilSx.jpg
tt0096933,/cUtBdB9ibya5yIPMvFkv0rhFg55.jpg
tt0096943,/upb42GxljtsmhoLxXbD6REm5Iwg.jpg
tt0096945,/bAkVEo8wEy5Q3oD1OxOXN3ijnP9.jpg
tt0096976,/aVU3koQYfOVdeCy0HrQnkIKpZML.jpg
tt0097001,/mDA0Fvv2Z6XCg64HvE3Vmhyw2I5.jpg
tt0097027,/57sYkbVtYf8CarhdpcLJoFUwDe5.jpg
tt0097044,/8pnUGbQSXuYCffRCtkFaVA5SuVY.jpg
tt0097109,/z37uyPcHdQoXFXSywqsUJTeFAPc.jpg
tt0097138,/nOspcG8HP6KPdMvzezavRbzYCEw.jpg
tt0097142,/jRf5Kk1ZbmvSfcguQ3hGPezmHwh.jpg
tt0097166,/lbVRCArBoJy5mWR7CAVbBMJ2Eb0.jpg
tt0097211,/ulySU4FlU0tfY1IgQ3oBubkTdkr.jpg
tt0097236,/zptu1aKRdTw4eX0hsd9wsb2zn7C.jpg
tt0097235,/lBVjTP8Cb66GBabUBQaBUtV6OqD.jpg
tt0097243,/6Wx9oZ7WUoootNLv70EDq6nyDqW.jpg
tt0097257,/lwFR24fEGf8Q6mGMsGcQuQTLL9T.jpg
tt0097262,/3tOrs1LG0MPFG8ozqfimTxZ2d07.jpg
tt0085475,/zXiNJvXLyisbhFnsYjXBOsU5A5R.jpg
tt0097276,/g0zh75AWArVtadhaNKZjs231TwF.jpg
tt0097289,/gsgFIb75uww0Ee43Tha1B7UgsVN.jpg
tt0097314,/3Lveak8PqgkJRAC9I37jwr7amL3.jpg
tt0097328,/9HhRk8eUjxUf0CDHTS9YcUk8TTB.jpg
tt0097334,/2SpiWFobtIdPqkqQ1dJP7MlZm8M.jpg
tt0097336,/7ONwEZyUSbdDzASZgPr20REeTGp.jpg
tt0097435,/k4T5l7RUhZ6TJsGaRjSKxmIIC9A.jpg
tt0097438,/swfqIVtnSmMIXVwp4PbqfPtDelY.jpg
tt0096870,/tRyhUrLDhVYie2GBX3rXF64Jom1.jpg
tt0097457,/cb0zpDUnHBj8PxWQG5L96m3rxrk.jpg
tt0097458,/qOo7WmPBN3PbHdUBLbb8ddSq6OU.jpg
tt0097478,/3ekqpIww56hYDSsVFU7GcNfoBGv.jpg
tt0097481,/PLr00Pv1DpQ3vMssBkjgAPS1Fy.jpg
tt0097500,/zPewmxWwDOMucFnaXXH26tfAv7m.jpg
tt0097521,/b4gM4Yh40QnYXkXiFao6nDFomjL.jpg
tt0097531,/8T1UacG5YV063PDbaHH2RaqA6Wc.jpg
tt0097567,/reQw2irRqjbqYNJx1AqOzsXItJk.jpg
tt0097570,/rLyxWz5O2QfOBbqLDlloUHQyuru.jpg
tt0097579,/fDgR7vq3fqtlo2w2wPN3pNXyDm5.jpg
tt0097607,/y4TBJTHdOodkavzdG77DzjyVKpJ.jpg
tt0097613,/nlkFp99bFLKevvzJMkV1Na1KtrO.jpg
tt0097626,/hdEIkpL17rvfZH0l34FJ8H9LAa.jpg
tt0097635,/evtfMmuJyCQch2JIdWO2SdGWgJA.jpg
tt0097637,/21mBNUe0X4WYywe6w5DyihltmAn.jpg
tt0097659,/fUudhrs3HaJEtWpvgwdvjSlE5FS.jpg
tt0097714,/m8Da8Ca8Ajmw5dn1GeHGErRoCri.jpg
tt0097722,/jU7wPjF0UP2MaA0ZXiCAJhyshJH.jpg
tt0097731,/puLIpL9LZEw0CmPO9Y1GYbexazJ.jpg
tt0097737,/sJNcoyKsqYGEFCCNsYsccikGePV.jpg
tt0097758,/iAiQB05sFJhN8rmYuEl9lUZ1qWq.jpg
tt0097770,/wRWZDNzebz2a52GtdhN1bx3ujE7.jpg
tt0097778,/k60x5YEOox9P9vWITSHFSkLGecN.jpg
tt0097790,/z6lmXBrlJqBRw7Yz82QbGDXmkMx.jpg
tt0097815,/AmkpKDT6Zk8tw5eGplUD1yH5p3W.jpg
tt0097858,/jqb4D5B6RXtPBpvstrD9g61zKVR.jpg
tt0097883,/mFGCK7RnFnRXR6CweAhQw030Zv7.jpg
tt0097889,/w7mTqzCBARrPechNzM5cQpuhruW.jpg
tt0097892,/DrEypPiuyZV0StNLGqmiN9Dl9x.jpg
tt0097965,/mViGEH5dfsAnUgJmce1RJkFycAi.jpg
tt0097967,/uCs7jWkPCu5813PDOveNBW9mRYu.jpg
tt0097987,/fOX33sbttXW0gDUN9wxaBOS0HSH.jpg
tt0098022,/oNy1OOaCXJ6IQOrZaeLhDGnt4XD.jpg
tt0098051,/h91tvQQQ1o8591yYLTkO0AtVho2.jpg
tt0098068,/qvxsdWV9JOKedvWkFuJZjDDuDkF.jpg
tt0098073,/UAa8AVZfNiISv3K8eKfyuzSAxI.jpg
tt0098097,/7XYykCIVegcVprrBUG16D6iYQe9.jpg
tt0098141,/6cdSjq64FbCKUCseJpKAjSmqVgT.jpg
tt0098180,/wbPkgZ4lWsTbSzYnj58eKXppW34.jpg
tt0163025,/xyxqgEuxmxOj3mZ3tPSzgqpCBi7.jpg
tt0265029,/4TQOYs8rCWi44O1tNbIQiRqHQkA.jpg
tt0222851,/frhzQ5JJ29R3kXuVq3CRYQSczpn.jpg
tt0162346,/uwKqnUPE4dSM0kKuMW0vXpURh2T.jpg
tt0248845,/jafIFAW8sHQkzWPGoMDR4892dFI.jpg
tt0133152,/njdwSoVL1qMgdOCV0RwwuOfG3vF.jpg
tt0237539,/vz0THk3uPmYip2U761UqB2D0hRl.jpg
tt0123948,/nLZ2AJFLtMoAAAD54mbT4exj1Wp.jpg
tt0203540,/lgbw51jNYogbIRpklXGBe8fJ8XA.jpg
tt0261755,na
tt0259442,/ndjld6gVqYxsdxG99hnNjwWVZDk.jpg
tt0243655,/dVdHnfcLZFSscEUZqCzctwOVjC0.jpg
tt0098184,/9pA3t6dls29FR9HKCMxiXYX5hNx.jpg
tt0098188,/x5FqQE1iWjIomIVkNwDgw1u2Xkx.jpg
tt0098193,/vnNllnRQVJYBCysZXYNLnzF7p1k.jpg
tt0098194,/5KP0TNYT2yH1yo7sfV5hQWQ4qWA.jpg
tt0098206,/tCyINhXoFjmfyYe5v9kVKQqgFPj.jpg
tt0098219,/pne4hpSj07UHcVbqeYPjXHokoNd.jpg
tt0098224,/5d51JLVrRI1AswvIpQXnMScYRRb.jpg
tt0098230,/glGzC5oKU8fpCOkMSnVtJEAnnwX.jpg
tt0098253,/sF4nk70J0FGBHlf0WTPWx7LS37l.jpg
tt0098260,/pV8e033wi9Fvf3be8Ku1R3gJ2L7.jpg
tt0098261,/eWiSTFPY0lqJh3prbEEOJPX6DCP.jpg
tt0098273,/7h88b3F0SUuwtV8QNnzz8d0aHW0.jpg
tt0098282,/hBlJKmtS5O7EISmoPPaXAPuLZfF.jpg
tt0098308,/wTQ4FIz8D0YsSSpcgGjR6EWFvhs.jpg
tt0098319,/u4XyJczTE8XBwjSksfn430nfjaT.jpg
tt0098320,/xEDmOhNGCKlWlS3mCiqLCVzBXVA.jpg
tt0098343,/js5a48fyxJEUa4xAaarLpkum6Hb.jpg
tt0098347,/dftp493orT07ITbw77UgVlHz4ox.jpg
tt0098356,/iZz3RKDstcniOSyo0yFr2DP9liB.jpg
tt0098385,/r3FqTeRnJusc5HsYCm3W18hPgZR.jpg
tt0094035,/lQjTip7tsKBKCXeNM0itrvdb7Py.jpg
tt0098725,/25lpQtxNWXzOimnXmbwF0Y0GYej.jpg
tt0098436,/6tGHCij3jJu80RYSSpV0LBRLTN3.jpg
tt0098439,/bLTBlfV0sJwrwwLJW4JgHwgHrJJ.jpg
tt0098442,/nJvn5RNiwWTpT5YAOQhcwOxuSsn.jpg
tt0098471,/d6Gy5Hg88lKJUumBwY0FZzwU5oD.jpg
tt0098519,/2HOzh7t2THdZ3r9BaDucEjfzLlL.jpg
tt0098536,/g3LC4mc17fQIFnPsMi81zzKC5gF.jpg
tt0098546,/wxx5YQLKVH1WMSRXQAUnC76r4iY.jpg
tt0098554,/i0MuRxuENc9Ur3croChw0Tmrs5G.jpg
tt0098577,/lQbe9dFP9vskM3sFtj2H7iQFbhH.jpg
tt0098621,/8NfjXFoTHKRJuHJYcrMjKnG71ig.jpg
tt0098622,/1QHjr4lBd3vBN4kEqdDFlnJbsa7.jpg
tt0098663,/wx3kPuzH8XhWxFg1gp6UaOw7rfT.jpg
tt0098678,/cYJrnizH2npzhiZOCLr2GnYGRhf.jpg
tt0108517,/qpRtxbnLb0qFP93db5vwDDXvWz2.jpg
tt0108539,/23hRj34VyPNr8MyV8rKC2hd7JB1.jpg
tt0056868,/8YUzVyN3HdedaK7oGVf2nVrsf4R.jpg
tt0101465,/iuN2ykTAUBmjPbGUWlsO8ZbsJ5L.jpg
tt0065761,/zn8sMd8yonDEYUnNuApIhIvHJhP.jpg
tt0087089,/qigf5fWSH1tw7z424UVKg71UIOS.jpg
tt0087130,/ou35RTKV10cC8ft1wqjOtoR6ShA.jpg
tt0087428,/9XGGGniMtBqhox7JAV5JujlUqFz.jpg
tt0116604,/p91Kz3u2p0x37c9M21zVQpyNCJ.jpg
tt0119512,/sWprWfhlazwYOjqvQLZXGiRGWjJ.jpg
tt0078490,/9PDM2JBdu73vWSq8rrfbHy2CYqL.jpg
tt0083366,/qNFtu1TyoFbmG1hCdQkD8ENOjum.jpg
tt0083624,/ciyzEBzJ1TnafkgGXr6DqEVh1wk.jpg
tt0119842,/xJqQmrCktJVoCoNU8HSMcTBUbdT.jpg
tt0218922,/xvTtsdvvVr1NYlVJxWZibzhaEt5.jpg
tt0247638,/wA4lgl8gmoICSShviCkEB61nIBB.jpg
tt0266915,/aBQf2vMiCINeVC9v6BGVYKXurTh.jpg
tt0262826,/arGyer9OBtMq5QGBvQEPRquqOIK.jpg
tt0094868,/7OvXaQOpQhWwpHuJymFQDFfppPM.jpg
tt0056059,/2FAIj6rsHoDjmOzXUb7Gt0Pe4tq.jpg
tt0077288,/tLSFcCOi5bbwGg6DmfE1cs6RQwH.jpg
tt0080489,/6LYSXTsXsz9ZNhATsQJVTzItsat.jpg
tt0102299,/3gA0Be1ouqyO6T4vV1V609WLIBI.jpg
tt0060668,/3xfxnizJemZbNQqzidJjBPbgZF7.jpg
tt0064782,/z6CiMBUdBLDwzcaklFv3ahaDFkh.jpg
tt0075213,/qcoIQyVsxqsXsCBooiyzJSiyKcs.jpg
tt0108323,/hY4fPLVKqllzb7khyehA4i1M3IY.jpg
tt0064285,/ivIyyc2VgefJK9LdAogl1BEgmeH.jpg
tt0080360,/8BATrghiOSFOtcpg2j2hZSHm6pm.jpg
tt0080377,/fGP1rB0MapjDyR0lCjYa6AhjQ1i.jpg
tt0080402,/3nHKBehsbgWMff79ICGtVpO7TJt.jpg
tt0080408,/raLS93dykOabizFuguWZ9KeCKAS.jpg
tt0080436,/3SDWSo51faiK7wKz1EK9asfGzxv.jpg
tt0252866,/6BuDSRq2wfaZ3Q4ONmY9RQMq39v.jpg
tt0181739,/vROOfOfyp1yqXsk8khfy6Fm9ief.jpg
tt0230600,/p8g1vlTvpM6nr2hMMiZ1fUlKF0D.jpg
tt0244000,/bfHkHstHIBpDAokujviWZw3mL8M.jpg
tt0250202,/tIO6jd2stGtM6pLvX8Jm85efw9Q.jpg
tt0250323,/bV1P4TKi4qn02Jn0bcnS60u0sUM.jpg
tt0221559,/p7UivdoGp8Zkohy8wVzQEWR3gUx.jpg
tt0261983,/A3Au37c3KJX29BDvldzGiYtaU5B.jpg
tt0262076,na
tt0238112,/dNNjMmZwQvq48Pw71BIzd8ky6Rh.jpg
tt0250687,/8ghNCfFbCJjcNSz2K5jOC3eO6ZD.jpg
tt0168446,/yjDBeAxrXXd4kt4DpTbjHsmtukk.jpg
tt0251141,/dbe6x5foaysc0eWlwV6HKoeCm6I.jpg
tt0258470,/tFwvUSc8g0HHvDOBQ2rvC9LWVSj.jpg
tt0256524,/6u2x0GaSOMGOJ69ygnSRpPt54Qe.jpg
tt0261392,/aEsAdMAhwKYFgnHHxMOknktQYKK.jpg
tt0228333,/i2zztssCIbahGES1fdfWFmDXian.jpg
tt0234829,/jrygCcE86fISn08jIbBVb5dqwhH.jpg
tt0221799,/lXkWyYiMKx3o187CYH7fcrzEjAJ.jpg
tt0208196,/fQ98A1SmOspwypAUqprNBkop0Jq.jpg
tt0233699,/cVC2chP5nJxAOs5FIBeZJ6KfDfm.jpg
tt0206926,/4PLm3BZiOXhDIbbqH8ipVyPVA1M.jpg
tt0203166,/yfUIjoJZuo85JCW23l6B4P6fTmZ.jpg
tt0160710,/3an3l9X95zTx8vtzxqYMhCxuBOz.jpg
tt0255653,/7NzySxj2yT9aewXrOOHlP0Gk4CB.jpg
tt0263488,/g410Y1U1ELbmJG14Zru3UAimm1G.jpg
tt0184791,/o4IBp9UR3R6wKIqCS31KFtIklK5.jpg
tt0219400,/iplIcZljaKJWvze06I0Q520hgkY.jpg
tt0155197,/qZXKzRrrfXr8Ppt71rSuD2DEjCE.jpg
tt0103596,/KaUfT7TvsZt26OwBqmbPiMxvhO.jpg
tt0109015,/kXuh3c0DyvqSGo0DBatoemBwEtz.jpg
tt0112255,/grCDfYf3GNaiQ74plEGmvyKUFrF.jpg
tt0080907,/fy0TJawDRBIf8Zyq84TbFqX2nra.jpg
tt0081114,/aKIBqbUZAEwOML4oMMjZS7m4Gvj.jpg
tt0092147,/pVkFMk6T6rdEkiWOLXqtY9K1EEx.jpg
tt0070917,/vs9I9RFIGYaIn3XQXkuNy2BrTCt.jpg
tt0118178,/k1cS1msVDyyUI581ICj0m0iVHK6.jpg
tt0246544,/1UTpbZXldVJ0cV5fLWNOxU4Olab.jpg
tt0202470,/8pRMweo9WA1MvYOLsD2hWyFpZ1V.jpg
tt0218619,/uWmHhtuEgX7oI0FuWR2oD08HRHD.jpg
tt0269341,/nhKRxaO9KWLyyVBr3I5G5mfJtJT.jpg
tt0238066,na
tt0200427,/aO970BRs5PpC32QBScRy7BQnOtu.jpg
tt0259981,/z6abeHmE7StRSDJAYCd28bu4vaS.jpg
tt0263957,/ejE79Ex7d0hQoWMni71MAoX2VSI.jpg
tt0243595,/2HaAtSaml6QLc6fs9H1BBM5nDMF.jpg
tt0242587,/qwiOP0hqtMHd6bbmY155yIKqVNc.jpg
tt0250809,/mpQmH0s7cpVHdJbUBHSv4JoQvLR.jpg
tt0047795,/aHKjPVnDwE6iiz3pVj7MGwXo8B.jpg
tt0013086,/tZ703k8zHyvsLoj8OeCnzfiMZUr.jpg
tt0248912,/4ECP8ntp49Wd2PosbJyEuv0zfsz.jpg
tt0221218,/6z52uWRcOHte8NFte2gXK0ApBPM.jpg
tt0180734,/9RMcwwnK8a9WCt8dVlwmtNsFCg3.jpg
tt0229340,/xq3YNvzm9CGeFouyKs8T5iN7EEG.jpg
tt0273253,/iYCPEGIiGrYfLOQ7SxP3iqmboWO.jpg
tt0246464,/h844gBztdYMLrroUen6qbsomrGx.jpg
tt0118589,/388ru0R7fnBFPaVuJe4caRGGh54.jpg
tt0139654,/sEQansIwI6SfNSpop3N0EBZayWk.jpg
tt0243759,/qeh8Rzyr7VJaZWep7Vi5MP1e5hG.jpg
tt0264476,/uacoFb7DHq0MrUjMcjjMZlIgmu2.jpg
tt0270971,na
tt0255321,/ofN3MoQfXNxBkQXoPWStpuXiqkX.jpg
tt0263728,/wwfzzVRZChF0dgpylDQ69wasV5M.jpg
tt0239986,/AezUATLqaRj8gZUzpZOWQQsyTsI.jpg
tt0264578,/xZcCcDhpbFzIYFSZoCRh49kE17b.jpg
tt0082416,/yS5FsEttHhTaCbLIc7ACGVoafGm.jpg
tt0063032,/gg6ketxp9j2kKWTP7ykBUFl0wIZ.jpg
tt0070294,/qbcQMV9LcIgs8TQdR70f5ZooSxR.jpg
tt0102316,/bVj97TGirraAQFsefm7Ss5cVuXW.jpg
tt0079579,/m6nWRLCaKsGErs7x8rDj9XuTVEG.jpg
tt0071994,/qDOtGWeSQNwB3dG7Amt1K0JW0az.jpg
tt0075132,/2TmBZcj4yP9FIhuQd19oxtU8KCN.jpg
tt0067921,/grMnsA7HOvyLl6oteOAgiJHM2zp.jpg
tt0053559,/9mbaqetOehhqdf9hl6H1LTISMbC.jpg
tt0082770,/f24uZZuHLiax2ryeNhqk2JY098Z.jpg
tt0093677,/8GwQYftf0yonDL3JTuJsyqABmQE.jpg
tt0058092,/Tp4vSQef0qsI78M90SsZZLJzPE.jpg
tt0053877,/wvpLCF7zXestnl22aOhXRyDJBZU.jpg
tt0052896,/rjtB4nXqKdTg9TPYGy2dBQpL0DL.jpg
tt0051773,/sv4ao2ceHx2Ii1I2SsAmCqr7k6K.jpg
tt0057193,/5S8VWhy4aE47MOTYqrFitTS5Jpw.jpg
tt0029081,/lbOgmmA5K32joQvmDpvAs5Dzfqh.jpg
tt0033836,/of0OPENy4HP5PWGtU5hLVpkZqJ3.jpg
tt0053143,/1pUCtE9bRt4IIEMmk0vUdh5jOyn.jpg
tt0067588,/riP8FcKh8VK2kJ6u25IhnQnGsnI.jpg
tt0055312,/xjXwcGJjT5tE22wazQUYH32HwU8.jpg
tt0050933,/oGcUYi9tTDWFZRvqhYGvjqtwEeV.jpg
tt0059527,/vd4u168JD3rBSHxgUEyMbcrvtec.jpg
tt0086352,/dShsZsu3YOccxaORvm1pXsxCaPZ.jpg
tt0108473,/6d5Hf0iIGjkxL1ToOp3gi8co5pc.jpg
tt0086312,/7Piz5R5dB6d7v1OWNaIn9GB4qZg.jpg
tt0076172,/h0C2qRwXelDvPmOH3NioMsaPDDy.jpg
tt0079766,/yWKH1SEgr81ii0iTDLnSeR0WGCI.jpg
tt0091993,/oOPJ5leOsDKaGCD7DonN4szMZAU.jpg
tt0044207,/yqzLKj18RzFL0CNWQOe9QzfoL4x.jpg
tt0260866,/qx3hgW9MqxsEEFjx4eSbpp1Fe2l.jpg
tt0252501,/qPTEh8vutS5FSCDoR16MWVGHqTm.jpg
tt0196229,/uSY3ccWT4SHRcKjlagOngiZpKQ1.jpg
tt0236034,/okQsBtYgfKfbjtHZMdiEGWF40TY.jpg
tt0245891,/yZG7XdvaGHivmjZ5UKYl6zFuSd3.jpg
tt0242994,/2SmoSLjQEf7F7wqbxtyA1smQDjj.jpg
tt0281376,na
tt0206314,/1LVGjf1QWgkNNPQssZtuT1GYKoP.jpg
tt0273799,/442jZCRwIWx7Edf3vWj0WGObev2.jpg
tt0240890,/srCE5lEIjVEG5eqWg9JcjZCK1aQ.jpg
tt0265212,/4zMrRzdeApcmzk2kx47rz8q7Bt0.jpg
tt0240419,/emQIM4vtDbt25tVzdS16w2Gzjbk.jpg
tt0080437,/h0VcqQ3z1RroKk7WtiW0E6DDho2.jpg
tt0080464,/vS1lsy2IhuoP8ytdwfOtGRhWU5.jpg
tt0082100,/qxIbrx8xQuRAoceifhKhAldi5k9.jpg
tt0058283,/f0eafb0uhYhBTvA2MRB1vN0yJL7.jpg
tt0080474,/fjf3elnOC32m1BdNyxiL8CzNc6t.jpg
tt0080492,/7VqtSzDOR9DARPhOoqzHDGR598R.jpg
tt0080500,/9NqmsiwBZMmcotVyTuSQGbfNgGb.jpg
tt0080516,/z4nTYj3JZ5jWAhDgrmEhW2GRAzb.jpg
tt0080520,/hetHB9L84jOLxajKZLKgaNBRDJ9.jpg
tt0080549,/8rXdpkfyvflQdIF8OIqO1B0TJyM.jpg
tt0080556,/14iMtdJY3HjwrmqPUZ55F4LzuCd.jpg
tt0080569,/6CZbJn9G52e9OeGgiVi2apcCC5Y.jpg
tt0082226,/sqNxpQNRgOATYUdqmFrVrko91nz.jpg
tt0080603,/nsGBChL9E8DX6Pgyvevdw41CoyE.jpg
tt0080610,/yJbA6jjuj9h8x2tZSgTkzpQ8PzS.jpg
tt0080634,/t8dp6BvakeFoeWZJceii3LN4lTG.jpg
tt0080641,/zAVFOLcjqYoEDYBF7UPNY4DIV2I.jpg
tt0219126,na
tt0219965,/67AUAkiT4rbgqN7SNlIJn0zWZqU.jpg
tt0250310,/g5jPth08y6Ef19Y2YRt0ZGI7JPY.jpg
tt0108148,/gLELnixQLunQOTm9PCpNRxrhU58.jpg
tt0243255,/afzbY1h7huuxlITigPfcyQSkqLs.jpg
tt0166924,/tVxGt7uffLVhIIcwuldXOMpFBPX.jpg
tt0206963,/xP2JKtdq77aWWZ1LCGsR68co5Jw.jpg
tt0164917,/nX2sgumjpBkEMzGFSMdBZMCiVgX.jpg
tt0245501,/gKS56IJ8BF4lr6Fa6eGATfJcWmg.jpg
tt0166110,/hAxuhnK5dcZK4A79srMCG9yZvP2.jpg
tt0072732,/rVTkCNLYa0DxZ3I2TvDv9P8u67X.jpg
tt0061489,/2d7E9eattf7dkFR16OVJmHBmBsr.jpg
tt0066999,/UHxxkYe9tRdiPu0JFgcEL5hmQ4.jpg
tt0109609,/91gdYaBXCrBzvaNodAgFAXxadBM.jpg
tt0067093,/v65PHx7Q6Jx0anyNeUOX07SJic9.jpg
tt0084043,/egK3eNQG8zadFBRBLFrTbOGp0nu.jpg
tt0095428,/f1XLbuoZPZiLTx33bhhuqUVAc4d.jpg
tt0087666,/2EdwTXgeZK7mvFlrmG3V1IWBsar.jpg
tt0119682,/jzibrIfzRHsakYkNXKsmkxi8VA6.jpg
tt0102555,/tq9OqmsXmPsMLQamwQ8f5I1uXty.jpg
tt0072979,/vVg4M4myubueoA15LjREMRwjuIG.jpg
tt0105601,/guRx5HXpV8fymExwMGuyzqleDMU.jpg
tt0120681,/hE1RjzpDI2B9hTuIBES93XkcMTj.jpg
tt0272020,/47wgelJLKEtGMvi0W8GPTW6R7Lh.jpg
tt0200027,/1xzvRrpA9V1TxXP7kIf8d0AgJ1R.jpg
tt0263101,/aOVavZITY72ffQnTOcMBvIRPDol.jpg
tt0227277,/LzjfTXKSdSwyqWzp2X5TjkvJ64.jpg
tt0217355,/mqnHHF6pductvQGIXfdB37GWNkd.jpg
tt0246628,/x0VybfDiQ8U62kqdf4BzDebrCQV.jpg
tt0256103,/I0mlv1FahaLJqu2ByffMXEn4NN.jpg
tt0243017,/2MRM4PL6H7yraAkwyUEe2EqoQH3.jpg
tt0272152,/c8M0ylYFRpQJaxGwPwm3DKK2ltC.jpg
tt0279286,/iKx5fXydEraMoF9lLLIXN1yOfoT.jpg
tt0245674,/j4UNVqRy1SqBjaf3f1uEBMuCgwb.jpg
tt0236019,/4GVU1NfltngBAWmCgc2BYg36KSH.jpg
tt0246578,/fhQoQfejY1hUcwyuLgpBrYs6uFt.jpg
tt0253126,/jyC13aGpVP4ogf8jSVfWLdk02h1.jpg
tt0264796,/sfZBVzDemE0N8KUZ8Pc5JZfqG45.jpg
tt0243133,/lrCgt8NNMyFsfmXyXiSSCRXNH4u.jpg
tt0234988,/8d2NBr4in07pEQgO1PwENJH0IO1.jpg
tt0278102,/7fczr9yZYSrSpW42BkXBlMDVgBn.jpg
tt0249478,/3yAhZB2fsaD1H69Vsro02ucvDO.jpg
tt0198781,/sgheSKxZkttIe8ONsf2sWXPgip3.jpg
tt0267804,/gcr3t71KmeXINemMrhaGBGVJPwW.jpg
tt0275719,/qroCqPk5jPBPEk1FaCzZdonDDRD.jpg
tt0252503,/n1taVVuWRZsDNCB3npetIpAARlh.jpg
tt0256380,/q4lZrHWTWuybb6pzMucj1c0ngCW.jpg
tt0177888,/tbQOMKgS1HqEjOLDHuHanzBx4G9.jpg
tt0246072,/gUAGQdhqeY26WcU1qQla4geZIkm.jpg
tt0080130,/mdhpKVuuNZcc9noZzYXruxeIxdJ.jpg
tt0086443,/ljJ3xQ5bUuBijmyp3rTCUf4mWSM.jpg
tt0290332,/xb63VT8E4Q2RjLT7qnzvc5jRFAQ.jpg
tt0241527,/wuMc08IPKEatf9rnMNXvIDxqP4W.jpg
tt0245115,/9kht5GOVYLyGU8QPnem5nY68jtT.jpg
tt0234354,/aIoBp9rhBHpQ2tb1nJwfYg6n6jz.jpg
tt0265087,/m3aLOY37CR4yrVEun6azxuWZTqf.jpg
tt0253798,/2aBepBnMXRs3hmde9Je3rn5bseJ.jpg
tt0266987,/h5ivpawwFFQnMEgRt73YtzqAZwU.jpg
tt0256009,/es3NIsfzm3rlyjzqDV2fCoJRwTX.jpg
tt0247425,/4FIlOw7P2Yusdl7TqHFvKC1eMQ4.jpg
tt0139951,/hk3DzSH07VwO4LrpUW2w2mXfAnI.jpg
tt0070169,/tvPFrdW22xLrJX9iw8YUmLx1XMp.jpg
tt0072747,/dxVvmtMEojy7lo60WKNe1Cv5DJ4.jpg
tt0068168,/e8RoE4f8Z2vvyQKoQrOotu5MtAA.jpg
tt0054177,/pzKFKVZHeGhJQYWZN6qO3GXUApU.jpg
tt0082558,/A6Hgp9LS0TQiawk6sPefjg1mHbg.jpg
tt0073233,/5dy2JOdQUY7KxX1c4FHrodHm8qx.jpg
tt0076221,/qYJmSbAkKOaltdwasY3dOrPlyZa.jpg
tt0062994,/rXFRIv35SgcmaUqRjmGniwSopRW.jpg
tt0053717,/9sfshfTBXOFOAutfceewC6Rvgxq.jpg
tt0053472,/9Wx0Wdn2EOqeCZU4SP6tlS3LOml.jpg
tt0083630,/5FPZwHaJoiLfSvg37UdfVYjroM.jpg
tt0074899,/vCzGV28YFmWubUn1jh8ytagYocR.jpg
tt0076342,/rGPfB5ERBgyFETUwSneYHiTo9Gv.jpg
tt0052415,/8BMWfwtY1G5z9yuM9wc5CGwUsRn.jpg
tt0090095,/mqLvuAJNpwzvEnC2EkQhznvH510.jpg
tt0035140,/kWtJ1C98fQB1fUDSfqb1NGBPPK8.jpg
tt0024264,/g6qg3Ndf4D4ejA9CjImoBBV6t7w.jpg
tt0042539,/pmBavZ9mqNAIyRNkCr4NDvmW6kW.jpg
tt0035957,/cS4EBa0bUQpIHKISLp1mPNPZtbN.jpg
tt0062673,/m0H1qAXPJrH1mF922dfyOI8X34x.jpg
tt0077321,/sdsxpDKBO5ksgZ2pLiBPEgSoZG8.jpg
tt0076299,/kHlLgndWqILUYBfzGjiBq042BSp.jpg
tt0075824,/9iUdC4dftkjYSBUJq5DAxC6WqB9.jpg
tt0084809,/yt7Z37Uo2zls64XikaYh8nCwTAv.jpg
tt0060437,/cHU4S1fC3rRu9uwNnmaxWNOgO41.jpg
tt0080646,/fj7sn4eT4p7X30LNLFlWJkQUyhD.jpg
tt0080661,/zDGtihDRIF54sJB4bNewwKcpmxv.jpg
tt0080671,/mZNdQcaCIorhaVwm5e9HEUn2DbE.jpg
tt0080707,/bOPjqqAMdxCO00ZVNLyq10tRFYr.jpg
tt0080715,/ioEVXwJTUTwu9gtEUoGC1r8IZn9.jpg
tt0080716,/k7pKIIWy3jff4P83AFQcjbzaqZK.jpg
tt0080724,/zQGDCVClhHddyKWdDqbcik7UICA.jpg
tt0080728,/bbnisO2P634g3xqIR8cgc2kH2GQ.jpg
tt0080736,/5030ETN6IBCjRMmZVCTGhujO5Q6.jpg
tt0080738,/uAP2EaHPLTaSuLtyYuDJ8DE4sr6.jpg
tt0080745,/cysq3dKsPqWAClrRgP8LbRrLq9E.jpg
tt0052564,/ymRsGRi5rBLWgGT6LbYwFoWvx4H.jpg
tt0074157,/hDMmR5asPdAHNXjo1uijHlba9VX.jpg
tt0075989,/45MhU55Aua0CQI7QRiPKJT7h7XS.jpg
tt0074483,/l0W85fpnsfnpLSSF3D6bKKlH1dD.jpg
tt0082350,/389JSntj1J7LtTjUxvKCy3JJfuj.jpg
tt0076070,/hYXkHixmH2W4hXA0qVJpT4ONPt1.jpg
tt0051755,/3qBNVDbdXNRsexZ5mLvMcvItayH.jpg
tt0089348,/yKGxRNfNgm34zEbUkmRYPB7QOB1.jpg
tt0085862,/ulT4Iw870YD246RuPwszSnPL24j.jpg
tt0100054,/xhxWsFgBYyDfRWfOhM1OrV88QDJ.jpg
tt0089622,/2C7h2FMGBeMVZNO8IHXd2XjDAx6.jpg
tt0076535,/8IIrlm2CjGCY5UV94lMCNb9HC94.jpg
tt0054135,/A4R6u7SidBPVXMVzGSysCiRGTRz.jpg
tt0093966,/xELW4DMiLaHomcXU1FZNQkAFfGi.jpg
tt0081568,/yyRxJ5PvQ7DXsWUatdpHGy3woqe.jpg
tt0086383,/rKLH58CifS7RPv5Pki0N4YE3Rjn.jpg
tt0159273,/2IVvws0ZuvOX4V4P6sisl6oVlj0.jpg
tt0242252,/znhOUWtW8TJ6IHpMMsBT4ENG3ow.jpg
tt0160403,/wx3xTqcp9fzPa3Dv1SiF8D3O3hY.jpg
tt0282856,/3kTPSWzNV5ui43eUSN790Q9lVEt.jpg
tt0193560,/7zf8lWJAXkLYoMd19nhH7eDPNDv.jpg
tt0240772,/hQQCdZrsHtZyR6NbKH2YyCqd2fR.jpg
tt0233841,/1qIu0BSj51sKOcLZGkDfRZKVf4p.jpg
tt0270259,/5iVwXnV2fraxy6NYzxZ07jMWW0u.jpg
tt0050539,/bCcvyzwYj5XqoGWDWZ1MGOlTBK6.jpg
tt0283509,/jRffyv5gaJb6Sna1S6UMRCPHuso.jpg
tt0261066,/rn1jbfASOd9cndsUr5Tt25jHsVZ.jpg
tt0037515,/uiisHNQNAXYBz7x31rNNTLLBT1P.jpg
tt0020697,/9giSPs43kYB76eLBEq9eMdcdK2G.jpg
tt0087747,/wPcKa5M9C0QKZuAfVe5cfv58Njb.jpg
tt0066195,/yGzDvJ99qHM1rpQef8wlm2Cxchl.jpg
tt0211915,/vZ9NhNbQQ3yhtiC5sbhpy5KTXns.jpg
tt0277371,/2yNoBisZgYfLWDuifLVYFX3at3r.jpg
tt0259711,/cAh2pCiNPftsY3aSqJuIOde7uWr.jpg
tt0280778,/yheTJ4f7Qlw96GdBjSj6FidvEZg.jpg
tt0283431,/uTeYg3RPKlGYbyvEYKq5Ht5QGch.jpg
tt0259393,/nTEUCdpDsfVDZJ5H0ndP1EmVtj.jpg
tt0265666,/syaECBy6irxSgeF0m5ltGPNTWXL.jpg
tt0101452,/6UkNsSAxDLpyXwu6MboRP7fXcDI.jpg
tt0090852,/tYKbdwgD4xDTkT9x7BBw4qWoQAg.jpg
tt0052320,/onncV1X9RRk7vs9vJ0mpCeFIrzQ.jpg
tt0089283,/otbGiG6QLwI7xIdtvzFSzHRoyG9.jpg
tt0060714,/xu4awPUFmrFUaX2qk12Lv4QhJSF.jpg
tt0088103,/bcpvtAjcglngr43ySF9skOootmJ.jpg
tt0084684,/9LwR6SFLuzbbzYgXdGnVHahBqrO.jpg
tt0086346,/7RAgXBII8NyApwvX5detCFbH4E3.jpg
tt0094318,/jvoxMkXms4O490OlCNuJk4y7ZB4.jpg
tt0278488,/dlZZLrQZrEiOvtJ5rqX9Lj9nww4.jpg
tt0268397,/zdOVbZk53CiCtgcC4UOSSEFvf5U.jpg
tt0279889,/9AJvAour6cslSMy9Q0WLd0jIJh1.jpg
tt0035423,/mUvikzKJJSg9khrVdxK8kg3TMHA.jpg
tt0120737,/6oom5QYQ2yQTMJIbnvbkBL9cHo6.jpg
tt0268995,/7yzpbM7xFFTH0TQPWnA1PIv9ywp.jpg
tt0268978,/zwzWCmH72OSC9NA0ipoqw5Zjya8.jpg
tt0228687,/86uoXmcgXKZQa35V1AsKVXY3NvX.jpg
tt0217331,/k27nVreFjEVZKict6Xr9sg5Clmc.jpg
tt0051525,/noGRVbpAvIYc2fo7zxYwn86QDM.jpg
tt0027532,/qpd9P54mLYvzdC6rBz56is8aeDB.jpg
tt0064652,/oSeWENdTI5jvdZGM2Ga8VxiFWLa.jpg
tt0036323,/okf76khcdrcR9FhA2vCIKhUfiPA.jpg
tt0068612,/aZgHOb5QHvLLn4kxxBTVb0BNqW.jpg
tt0071913,/nu3nlTvQCRiIIFkCQ6k3tVbaxGY.jpg
tt0063415,/pC6FB4fLIVRCpMzIbUf1xOVobmz.jpg
tt0052182,/b3hlE6eA3ztGIDatBE5hrAubPg5.jpg
tt0105287,/z3tMWSEGAZEPJLM37ImExzGb7QZ.jpg
tt0058672,/xkSShoCt4msbBQiUvZXZoc69jCV.jpg
tt0051201,/9eoyDpjeUqhpoIHFeO8yMkbsGlo.jpg
tt0248667,/egzfj0JpgrVfpMXF4tfHpzEYM70.jpg
tt0265086,/7fU5dSqKRL4XHeEUz62rCKBfYok.jpg
tt0245046,/6RnRclsipl3cZKnDfsu0MrqWCwI.jpg
tt0086619,/AcCX4tKqwP5BTfRTQEqZW3qabl3.jpg
tt0280707,/1h12RzwEI1xYtBWJ7THRnkmrcaQ.jpg
tt0277027,/wSgAn3zhgwuTOhhvvqcdxVqTLts.jpg
tt0285742,/s7o0AyOFIYNjTe008pV6EZMI2IP.jpg
tt0120824,/6upEibGBdKmFNeFRfJk8t5zkcOD.jpg
tt0045555,/nO7P7RTMeyHJ7wy1A0tzrVx1Tui.jpg
tt0104922,/dh3cSeQSffe9KuGCr2Z88wfOi1S.jpg
tt0048527,/caotdfqQacWH4Az9TfDnvH2Mvyf.jpg
tt0117653,/9ij2MMLgfEahM4H0gnYDBQ8B5Gs.jpg
tt0074937,/9HlvA3JUn0yuUvWUXJTfMJB1Vge.jpg
tt0057490,/pRa4og93BeOoMCt6oWuPCwu5Coo.jpg
tt0105789,/Et6tFS1Ch3zOQPZQ3upVNWDg1G.jpg
tt0242795,/2sq89lJDfqaWu21KWKFmHo1n4P2.jpg
tt0273923,/efmTNIyPbKXDWYSNkC7FsFFeVJj.jpg
tt0237534,/x0bsgEeWqpvH8Lgwgmzi2tujlrV.jpg
tt0099044,/2gQaZQ6REriS7Gclv1akT5Urwgf.jpg
tt0269746,/dRsZF1I4s4jx99wEyZyIsOpu3Uw.jpg
tt0109417,/kJW9cOlmKxy8yhY0xmLyVoW886H.jpg
tt0093106,/xy2uOf4gb7F66yHjnhXkifcAQzO.jpg
tt0087682,/2pS5ZeCw1ghEqopjQ1QlQ0c6HM6.jpg
tt0086205,/pkqyNI2oPk3sDOJBpeebUSRVeXl.jpg
tt0100530,/bQTjGg3zsDXbivEJauwVBcu00ah.jpg
tt0103129,/jjLEXLTXfJPYtl31knRS8bjclf0.jpg
tt0066585,/5h25Ea04E5lRUqP7cC0nbT85vkt.jpg
tt0077289,/waTSOxxxhgwuojEwXcdUTiGpY6v.jpg
tt0048312,/dc45HvAVsg6j9y1Pq7lJKbDwhaX.jpg
tt0083951,/pcGDwxEZW5ywTNdvSyTH2Bs49kw.jpg
tt0082288,/dDRK8lbFSt2M3UVDvdG5kMSJUjt.jpg
tt0087078,/tYtWSH9mq6YoIOAyZtluHnzbPvE.jpg
tt0085542,/iu3JlLPOk5RUXVJpifkxv9739oo.jpg
tt0080752,/kFs71AhHtqBnR93s7ux7XBfHpLc.jpg
tt0080754,/rnPDLq35sRuaJsjPmwFMjrqqXGP.jpg
tt0080756,/4BML3pbeopzTbwMNFhUWX0MerGE.jpg
tt0080771,/vWNFy3uk63RsS6CbpHAWyXiMo5B.jpg
tt0160399,/7Uy4JbalP0mEyKnFW2IorQDmbBa.jpg
tt0240468,/8twRIXhh7EoLZWcihWRKJEgdAXq.jpg
tt0281373,/8DDC6z1XyLSiNLzKw1pXcYeAOJ3.jpg
tt0083511,/aDzOj4a9HvgRjjAEgwXyztCWVXq.jpg
tt0206608,/qL4XfDsSn65dfbMqKFJYZfupPFe.jpg
tt0243862,/cWgCLo0lfp6ESIP7zquWnn0MI9N.jpg
tt0268696,/jB4QlPKwxqAj0RfVa8ZQYzNHzmb.jpg
tt0109288,/9b1zje1Yp3kaJOn8pJqaQ1WLmoj.jpg
tt0085271,/aulgB01Rad4XMksmJ7EZYgO981n.jpg
tt0106770,/lxhsdC8wuGgQf0gKCt8wyHHxGcQ.jpg
tt0071691,/tohQfaM4pKvrxP8eSd1HKoSGU0Z.jpg
tt0057071,/A6QG1AB1KTo692IbnHz30dc0wNE.jpg
tt0074626,/yOm6sZ0uL9nN104WuyHDo7dzieq.jpg
tt0145046,/2sLpyYytu0Dbymzs3skxOCRHKkl.jpg
tt0066026,/fzBLxDQO42kA6xdcyQ0qYueLuVC.jpg
tt0087751,/fT1HUPb74lAnDWyK0v5cBdYk6Qa.jpg
tt0060955,/JdoOqrfIv7KsAYDvXmDnjri3Wl.jpg
tt0055257,/xal47bRKVIxErB7h2CScY3GBnoT.jpg
tt0245844,/aoKzR82lgcle1NmlayZ9wURhwFa.jpg
tt0265349,/z2PiOTyjbCOnMHY2QJdq3I4jU44.jpg
tt0281358,/8lUYMvWdHA0Q0k5F76RQCeCBUkA.jpg
tt0294289,/t87C1II2yO1TfppwXplMbso6m0d.jpg
tt0276501,/mkOBUHcJFfVWLJmWNvE0qZuzAW0.jpg
tt0220514,/9fKHY2VUXUeRBynr3Joiw243f0T.jpg
tt0220627,/knhWhSDOEPcWed5ljKcJVnXbH7.jpg
tt0293416,/tOehVz3MhBhzvpvizEnsC8Gylo1.jpg
tt0208990,/4z3dUYr0Kal7m0xs2AFMt2bSGwF.jpg
tt0250081,/5hSpaT8x0LQy7G5TXb6vGWQrRSU.jpg
tt0219405,/i6Ea4LdLupMjl4POxdtflhZ0T16.jpg
tt0106223,/8VpQZ43hdaTUmkMoe2CnED1Y2fS.jpg
tt0097116,/up9rH2UZXMizylHA4Rd2BC9BvXq.jpg
tt0087233,/aDILGjlql4Sldb5I7dMWZ3oQOHC.jpg
tt0047688,/1KO7n7yoVEBh07lY0YH6zIgur89.jpg
tt0240900,/g3xn7tRnGxVwwKc2tge7nPssywQ.jpg
tt0188453,/bEuzg0HtCrdLQW4xk8KdVpQvgdV.jpg
tt0201899,/1o4WoxzNDy4uuzeAQJsa8MdvWP6.jpg
tt0295552,/z0tTXhUzG9mwKVliv74LBe7gGdy.jpg
tt0071266,/5Bp2Ki42CrUnNLdQpd8HdOME4g8.jpg
tt0046828,/5Vo4NeE7dlXBUaikbGnUOmUNHJ3.jpg
tt0101891,/4ARr3zZI1maCbbYLwv1w7JPisi6.jpg
tt0078122,/vS4BlPEJV9QBS7W0urYlomYNWG7.jpg
tt0072353,/6yM2ezCCucvHqcysrjP6RerAGMn.jpg
tt0082525,/7BXciMZgKFkbm0xKvxhNmTWi6mc.jpg
tt0050781,/bjH6kuTELmGV4S7Ddh3PzlmjShz.jpg
tt0070354,/yPkdZ6Rty1QYyonvpV40Ma7wBY3.jpg
tt0265298,/k1MkctTLNWthU2AUlX4qOCNBlPc.jpg
tt0233469,/uyzgI1jqMjQMzbjhMrWvWHd76Ua.jpg
tt0246894,/5Wquo3EjfDpK7S1BHcybuC3TZDO.jpg
tt0265713,/phyNpVgqHmxn9tTXbljeyodTeVH.jpg
tt0109190,/21U2jwl36hoTHsXB3fDuIQkcchu.jpg
tt0024914,/oRzV8HVCJ5EZbnOf5Yn5Ty3aUBD.jpg
tt0027527,/nrjDWmSLcdoKIPB8DkwmOqTWeWM.jpg
tt0028988,/rIfA5X4pYJOHyFPZFqWLOu7yfiZ.jpg
tt0085891,/a1jze4S94Gz1L9Gucypc4pv5L3u.jpg
tt0086194,/kIZCrlaa3hLIlqGLdoUujIz3u2c.jpg
tt0107985,/f5w3eVB7GDE1s8LMiKaN9ybg6Dw.jpg
tt0108037,/7PYqz0viEuW8qTvuGinUMjDWMnj.jpg
tt0103186,/j9c3HPCwuPGfFNHzjt0taANaC78.jpg
tt0069995,/mq3TW9GiF9MNlIEjnlL7D9X9tbx.jpg
tt0275022,/cxSZZJBbREsWaRREBIY0DRH08B5.jpg
tt0251114,/yRUhSU7vzs5ePa72LNPcKKCCMZ5.jpg
tt0251160,/xEE91LvXiqgs7Hmdl44LCzHtFf6.jpg
tt0280030,/zfclCksB7vCLA5Rd9HKHMGSz40.jpg
tt0247745,/7aatn3TWAVo9a2OJyQTuYpoB48G.jpg
tt0107034,/iIV9zYVEFbb7AWc3BgnVQlfoeW.jpg
tt0253200,/8Wev1ZsTTyRif84gPb1dBquS8Ja.jpg
tt0060200,/n66MJNKW51LtyoE7OvsZ2oau3x2.jpg
tt0044391,/70mMyM9R0QT19AGWRwUq7Ms6u8C.jpg
tt0060218,/fsjOjetKC0MtukxtahgrUjuAA27.jpg
tt0050306,/kxBXhb1USph4lKT3khjcuiYqUjh.jpg
tt0073026,/o6hMxLEVEhnEIlcAhynY00fybv5.jpg
tt0068687,/lGUHYAwu3qGWnzZOPsoImMyPuaW.jpg
tt0054269,/fHHKxB71EzVzny3ZakxZRGe5Evw.jpg
tt0069281,/cfwQleubprBd2RssH3STr1DUQvJ.jpg
tt0075276,/brspg1YQlrd0tTw0lYgyDNne0ma.jpg
tt0067803,/4n7m05C2ee3UM5Co2k2BOWqH5o2.jpg
tt0070819,/zWBVZGYyNLwhTAl7h9hpIATmp4m.jpg
tt0055539,/xDE15QuiZbRlF5KXMs17eRztXkJ.jpg
tt0081698,/1DM9mEedR4Beuf6I6E8WkcvN5e6.jpg
tt0050294,/6uMoRTAfHbPVaYl59xKbInSVD3g.jpg
tt0259288,/oMRyQniB5ESA4DoyJVLVJifSExB.jpg
tt0238546,/4MMpvQYgOz8K6lzlIVMXWjLzUPC.jpg
tt0260746,/fEqhy0eUSxEU38JbV1fvozVUkpD.jpg
tt0229002,/cw4y9W5jb0qG9GvfHtfWpRxe76a.jpg
tt0207524,/6SnhJrYar2gedIdyIqlLwagBmCr.jpg
tt0231956,/qa0XsQMFAB9tA8x33U1ZVB7Ykfr.jpg
tt0184719,/jD2Hg4BUulnvf72mSdOrWmcc2cV.jpg
tt0291341,/ripTQsmWQJyccK6zB1dajSY3olv.jpg
tt0265343,/q9iPJulJEC47A36cuOKYBTrfQrh.jpg
tt0275067,/bykeJiJuRnJYLj7cAlDvN28xemj.jpg
tt0143861,/iIZENyvwpcXGP5D5XojT190X4S4.jpg
tt0301893,/eq8ygk2egSs9QnQfrjqE4fJ44OJ.jpg
tt0074174,/kJNXMni0ObOXLth6v9xpUhWbtrp.jpg
tt0077199,/aG1FyJYM2aInTaQ6hBHsHtYqxI0.jpg
tt0075718,/vwz4DY71OHjzPPJ8o1vhVIfzM0b.jpg
tt0061781,/pWlRoLuwciGbCQ2hTtDoGDUoOUO.jpg
tt0048310,/ffZH45LW2xWAnrjUE5QnvqQqkXK.jpg
tt0051876,/qKEZeIWFzpAvyXztCKg6jypkDOq.jpg
tt0059415,/fyRg6Qh4oN1KRfkx8Q3DFzA642P.jpg
tt0216651,/4hJUWgdmoFsNpzyTN6QjoZcaivO.jpg
tt0050986,/iyTD2QnySNMPUPE3IedZQipSWfz.jpg
tt0057889,/9nNExQlYu2PBoudjUqLl4pi3oRW.jpg
tt0046839,/fcfXgvbeO8WEHIFzQsu3Wa2Pb7t.jpg
tt0124185,/zE2EAofyZq33fWViMB6bwwHQDHw.jpg
tt0243736,/8bs30y2UzytXglgG6SLpP3N920J.jpg
tt0277434,/d5uupBAORxnFNbkNQ2G0Bi2cpY8.jpg
tt0204700,/uap6eKgnII5lLPFEESAvqtpPciI.jpg
tt0069729,/kXG8nAGfHwx6pT82FDpXTF3KesY.jpg
tt0068273,/1lO5o4si8JPPFi7XAGlFH5az4Yp.jpg
tt0066830,/hv8nXv79YkQFYfvbpFvtA2BDf6q.jpg
tt0094860,/tzd0RrgalSHQKWzCRgp0HBtD9bu.jpg
tt0085380,/vmJwcM7POhJKrU1e9zS6fd2TqUG.jpg
tt0104254,/l1tX46iuNJFq2wUmSEivDi7jyWL.jpg
tt0082559,/4PGkQorrVGRxBprwh7puaFx6zra.jpg
tt0110146,/xRMbpD2WRxpVcU6Vvws32GkMxin.jpg
tt0091295,/mink4e7kgpaXpovL8FvrmUjcFjI.jpg
tt0092576,/dmxUzmT50ETZkCpD0UmrpcOlxon.jpg
tt0108395,/tYLuXK63588plP2WmmlZgAcYcEz.jpg
tt0080057,/4BpKmmvslnHYZTjZxiJNIhiJuFq.jpg
tt0027286,/rR6G2EWvt5ykKzb7mSuc17GnFAk.jpg
tt0039645,/5e4bdXZKUl1AH755vICEcSiOocL.jpg
tt0043983,/2fob5fOl7gW4Vxiws21xsGrUppk.jpg
tt0038057,/pioF72zZq3Qu3p5DkkAq59ZEb6B.jpg
tt0278295,/sO7IpJHjZBGLevi8Ozj9EsAUw5h.jpg
tt0268695,/9QB6wIc6XOtoi02uUCLSvY0onSL.jpg
tt0290212,/7FeoefSYELryi04Kz74xYTayPZk.jpg
tt0127516,/vQXt9C6NaLtT3ng94W3nuhZklRb.jpg
tt0099566,/ppF5pUheNoL0EPuGRIEnHz1ewp7.jpg
tt0099768,/shGvJZLVLo9HOTctPJycmu1MGpw.jpg
